,cleaned_text,Sentiment
0,enjoying beautiful day park, Positive  
1,traffic terrible morning, Negative  
2,finished amazing workout, Positive  
3,excited upcoming weekend getaway, Positive  
4,trying new recipe dinner tonight, Neutral   
5,feeling grateful little thing life, Positive  
6,rainy day call cozy blanket hot cocoa, Positive  
7,new movie release mustwatch, Positive  
8,political discussion heating timeline, Negative  
9,missing summer vibe beach day, Neutral   
10,published new blog post check, Positive  
11,feeling bit weather today, Negative  
12,exploring city hidden gem, Positive  
13,new year new fitness goal, Positive  
14,technology changing way live, Neutral   
15,reflecting past looking ahead, Positive  
16,adopted cute furry friend, Positive  
17,latenight gaming session friend, Positive  
18,attending virtual conference ai, Neutral   
19,winter blue got feeling low, Negative  
20,sipping coffee enjoying good book, Positive  
21,exploring world virtual reality, Positive  
22,productive day ticking todo list, Positive  
23,finished challenging workout routine, Positive  
24,celebrating milestone work, Positive  
25,sunday brunch friend, Positive  
26,learning new language personal growth, Positive  
27,quiet evening good book, Positive  
28,reflecting importance mental health, Positive  
29,new painting progress, Positive  
30,weekend road trip explore scenic view, Positive  
31,enjoying cup tea watching sunset, Positive  
32,coding new project enthusiasm, Positive  
33,feeling inspired attending workshop, Positive  
34,winter sport day local park, Positive  
35,quality time family weekend, Positive  
36,attending live music concert tonight, Positive  
37,practicing mindfulness meditation, Positive  
38,trying new dessert recipe, Positive  
39,excited upcoming gaming tournament, Positive  
40,planning garden makeover spring, Positive  
41,celebrating friend birthday tonight, Positive  
42,feeling accomplished productive day, Positive  
43,cozy evening good movie, Positive  
44,exploring local art gallery weekend, Positive  
45,new book release favorite author, Positive  
46,attending virtual reality meetup, Positive  
47,reflecting beauty nature, Positive  
48,cooking special dinner loved one, Positive  
49,feeling optimistic week ahead, Positive  
50,starting new fitness challenge tomorrow, Positive  
51,sunday bike ride scenic trail, Positive  
52,cant believe injustice happening society, Anger        
53,feeling sense fear watching thriller movie, Fear         
54,heartbroken hearing news natural disaster, Sadness      
55,state world environment disgusting, Disgust      
56,pure happiness celebrating loved one achievement, Happiness    
57,laughter best medicineenjoying comedy show, Joy          
58,sharing love positive vibe everyone, Love         
59,amusing incident brightened day, Amusement    
60,enjoying quiet evening book tea, Enjoyment    
61,admiring beauty nature peaceful hike, Admiration   
62,sending affectionate vibe follower, Affection    
63,experiencing awe breathtaking sunset, Awe          
64,disappointed service local restaurant, Disappointed 
65,surprise gift friend made day, Surprise     
66,finding acceptance midst life challenge, Acceptance   
67,overflowing adoration adorable pet, Adoration    
68,anticipating thrilling adventure coming week, Anticipation 
69,bitter experience turned valuable lesson, Bitter       
70,finding calmness midst busy day, Calmness     
71,confusion cloud mind navigate decision, Confusion    
72,excitement building upcoming vacation, Excitement   
73,kindness witnessed today restored faith humanity, Kind         
74,pride achieving personal milestone, Pride        
75,moment shame standing injustice, Shame        
76,fuming anger heated argument, Anger        
77,fear unknown keeping night, Fear         
78,heartfelt sadness bidding farewell dear friend, Sadness      
79,state corruption society utterly disgusting, Disgust      
80,overflowing happiness welcoming new family member, Happiness    
81,laughter key joyattending standup comedy show, Joy          
82,sending love follower beautiful day, Love         
83,amused antic petits pure amusement, Amusement    
84,enjoying every moment trippure enjoyment, Enjoyment    
85,admiring dedication volunteer local charity, Admiration   
86,sending affectionate vibe friend family, Affection    
87,awestruck beauty night sky, Awe          
88,disappointed lack progress personal project, Disappointed 
89,surprise visit old friend brought tear joy, Surprise     
90,embracing acceptance life ups down, Acceptance   
91,overflowing adoration cute rescue puppy, Adoration    
92,anticipating release muchawaited movie, Anticipation 
93,bitter experience customer service department, Bitter       
94,finding calmness amidst chaos daily life, Calmness     
95,confusion reign try make sense recent event, Confusion    
96,excitement building surprise birthday party, Excitement   
97,witnessed act kindness made day, Kind         
98,pride completing challenging fitness challenge, Pride        
99,moment shame speaking injustice, Shame        
100,reflecting beauty diversity world, Acceptance   
101,excitement quiet evening good book, Excitement   
102,feeling bitter unfairness workplace, Bitter       
103,calmness prevails practice mindfulness, Calmness     
104,confusion surround navigate life choice, Confusion 
105,excitement weekend road trip explore new place, Excitement 
106,kindness witnessed today restores faith humanity, Kind         
107,pride accomplishing personal professional goal, Pride        
108,shame true value difficult situation, Shame 
109,revisiting old memory feeling sense elation, Elation       
110,victory team brought euphoria city, Euphoria      
111,embracing beauty nature moment contentment, Contentment   
112,meditating serene lake finding inner peace, Serenity      
113,overflowing gratitude life blessing, Gratitude     
114,hopeful brighter tomorrow despite challenge, Hope          
115,empowered make difference community, Empowerment   
116,compassion action supporting local charity event, Compassion    
117,moment tenderness connecting loved one, Tenderness    
118,arousal excitement await special announcement, Arousal       
119,enthusiastically diving new project, Enthusiasm    
120,feeling sense fulfillment reaching milestone, Fulfillment  
121,reverence beauty historic landmark, Reverence     
122,elation surprise reunion old friend, Elation       
123,euphoria live music concert star, Euphoria      
124,contentment simplicity quiet sunday, Contentment   
125,serenity found page favorite book, Serenity      
126,gratitude support received tough time, Gratitude     
127,hopeful possibility new journey, Hope          
128,empowerment learning personal growth, Empowerment   
129,compassion towards need holiday, Compassion    
130,tenderness warmth cozy winter evening, Tenderness    
131,arousal excitement upcoming adventure, Arousal       
132,enthusiasm creative project making, Enthusiasm    
133,fulfillment completing challenging workout routine, Fulfillment  
134,reverence artistry displayed museum, Reverence     
135,elation achieving personal goal, Elation       
136,elation discovering hidden gem city, Elation       
137,euphoria surprise birthday celebration, Euphoria      
138,contentment simplicity homecooked meal, Contentment   
139,serenity found melody peaceful piano, Serenity      
140,gratitude supportive community around, Gratitude     
141,hopeful prospect new business venture, Hope          
142,empowerment mentoring guiding others, Empowerment   
143,compassion shown act kindness community, Compassion
144,tenderness heartfelt message loved one, Tenderness    
145,arousal excitement muchawaited trip, Arousal       
146,enthusiasm new artistic project work, Enthusiasm    
147,feeling sense fulfillment helping others, Fulfillment   
148,reverence historical significance landmark, Reverence 
149,elation achieving fitness milestone, Elation       
150,euphoria successful product launch, Euphoria      
151,contentment embrace loved one, Contentment   
152,serenity found beauty sunset sea, Serenity      
153,gratitude small joy day brings, Gratitude     
154,hopeful potential personal growth, Hope          
155,empowerment learning new skill, Empowerment   
156,compassion volunteering local charity, Compassion    
157,tenderness quiet moment shared pet, Tenderness    
158,arousal excitement upcoming festival, Arousal       
159,enthusiasm diy home improvement project, Enthusiasm    
160,fulfillment completing challenging puzzle, Fulfillment   
161,reverence wonder nature hiking trail, Reverence 
162,elation surprise reunion childhood friend, Elation   
163,suffering despair another setback, Despair         
164,overwhelmed grief missing loved one dearly, Grief           
165,loneliness creep night grows colder, Loneliness      
166,jealousy consumes witness others success, Jealousy        
167,resentment building past betrayal, Resentment      
168,frustration mount obstacle block path, Frustration     
169,boredom set day feel endlessly dull, Boredom         
170,anxiety grip heart worry cloud thought, Anxiety         
171,intimidation unknown future ahead, Intimidation    
172,helplessness sink challenge pile, Helplessness    
173,envy eats away see others prosperity, Envy            
174,regret missed opportunity haunt thought, Regret         
175,disgust sight injustice cruelty, Disgust         
176,drowning despair hope slipping finger, Despair      
177,grief weighs heavy tear constant companion, Grief           
178,loneliness crowded room silent cry connection, Loneliness 
179,jealousy gnaws confidence toxic emotion, Jealousy        
180,resentment fester poisoning relationship, Resentment      
181,frustration boil volcanic eruption emotion, Frustration 
182,boredom settle like dust life feel mundane, Boredom         
183,anxiety grip chest relentless grip thought, Anxiety   
184,intimidation challenge ahead fear take hold, Intimidation 
185,helplessness engulfs drowning sea problem, Helplessness 
186,envy poison thought coveting others success, Envy            
187,regret decision led painful present, Regret         
188,disgust corruption stain society, Disgust         
189,sinking despair day darker last, Despair         
190,grief overwhelms storm emotion within, Grief           
191,loneliness echo empty space yearning connection, Loneliness 
192,jealousy poison thought resentment brewing within, Jealousy    
193,resentment fester wound refuse heal, Resentment      
194,frustration escalates thunderstorm emotion, Frustration     
195,boredom lingers stagnant pool indifference, Boredom         
196,embarking journey discovery fueled curiosity thirst knowledge, Curiosity       
197,lost vast sea information indifferent wave digital ocean, Indifference    
198,complex puzzle life leaf state perpetual confusion seeking answer chaos, Confusion       
199,numbness settle shield overwhelming emotion life throw way, Numbness        
200,gazing sunset melancholic longing moment slip finger time, Melancholy      
201,revisiting old photograph caught embrace nostalgia bittersweet symphony, Nostalgia       
202,torn conflicting emotion ambivalence paint decision shade uncertainty, Ambivalence     
203,embracing ebb flow life finding acceptance dance existence, Acceptance      
204,facing challenge headon determination fuel fire within achieve impossible, Determination   
205,serenity found stillness nature tranquil retreat chaos modern world, Serenity        
206,curiosity leading rabbit hole knowledge perpetual student life classroom, Curiosity       
207,floating day air indifference detached mundane happening around, Indifference    
208,entangled web thought confusion reigning navigate labyrinth idea, Confusion       
209,numb chaos emotion locked away stoic facade concealing inner turmoil, Numbness        
210,melancholy whisper breeze silent conversation echo forgotten dream, Melancholy      
211,stumbling upon old journal nostalgia flooding wave carrying moment long gone, Nostalgia       
212,tapestry conflicting feeling weaving uncertainty caught thread ambivalence, Ambivalence     
213,embracing flaw finding acceptance imperfection journey towards selflove, Acceptance      
214,determination burning like wildfire overcoming obstacle turning dream reality, Determination   
215,tranquil moment ocean serenity washing peaceful retreat within wave embrace, Serenity        
216,exploring new horizon spark curiosity adventurer vast landscape knowledge, Curiosity       
217,drifting day nonchalant demeanor embracing art indifference, Indifference    
218,wrestling thought perplexed mind lost labyrinth life complexity, Confusion       
219,immersed state emotional numbness shield storm daily struggle, Numbness        
220,melancholic symphony playing background soundtrack wistful heart, Melancholy      
221,flipping page old yearbook nostalgia painting smile tear face, Nostalgia       
222,torn opposing emotion ambivalence color decision shade uncertainty, Ambivalence     
223,embracing life imperfection finding acceptance journey scar, Acceptance      
224,fiery determination burning within fueled vision reaching unparalleled height, Determination   
225,basking serenity quiet forest whisper nature bring peace soul, Serenity        
226,indifferent noise world silent observer midst life cacophony, Indifference    
227,navigating labyrinth thought confusion constant companion maze idea, Confusion       
228,impenetrable numbness shield emotional storm fortress stoic resilience, Numbness        
229,melancholy painting world hue nostalgia canvas bittersweet memory, Melancholy      
230,journey past flipping page old diary nostalgia taking lead, Nostalgia       
231,ambivalence clouding decision caught crossroad conflicting emotion, Ambivalence     
232,embracing imperfection finding acceptance mosaic life beautiful chaos, Acceptance      
233,determination driving force propelling forward path extraordinary achievement, Determination   
234,seeking serenity melody raindrop tranquil escape noise everyday life, Serenity        
235,curiosity driving exploration unknown seeker knowledge uncharted territory, Curiosity       
236,drifting day air nonchalance indifferent triviality life, Indifference    
237,lost labyrinth thought confusion casting shadow quest clarity, Confusion       
238,wrapped cloak emotional numbness shield storm life turbulence, Numbness        
239,melancholy companion painting canvas life brushstrokes wistful yearning, Melancholy      
240,leafing page old photo album nostalgia weaving tale laughter tear, Nostalgia       
241,ambivalence air caught crossroad conflicting emotion decision, Ambivalence     
242,embracing beauty imperfection finding acceptance mosaic life unpredictable art, Acceptance      
243,determination ablaze forging path challenge sculpting dream tangible reality, Determination   
244,immerse serenity moonlit night quiet whisper nature bring peace soul, Serenity        
245,fueled curiosity venturing uncharted realm fearless explorer mystery world, Curiosity       
246,wrapped cloak emotional numbness shield storm life turbulence, Numbness 
247,dancing life exuberance carefree spirit embracing joy zest every turn, Zest 
248,basking golden glow contentment serene river flowing landscape heart, Contentment 
249,gazing towards horizon hopeful eye painting canvas dream illuminated sun optimism, Hopeful 
250,standing tall proud oak branch achievement reaching towards sky accomplishment, Proud 
251,heart overflowing gratitude garden appreciation bloom soil kindness connection, Grateful 
252,extending hand empathetic thread weaving tapestry understanding embracing joy sorrow others, Empathetic 
253,compassionate cloud heavy care showering empathy parched ground human suffering, Compassionate 
254,playfully dancing rain laughter whimsical spirit twirling puddle joy lightheartedness, Playful 
255,soaring wing free spirit unburdened chain conformity painting sky independence, Free-spirited 
256,bathed glow inspiration creative phoenix rising ash ordinary thought explore new realm, Inspired 
257,navigating sea hope sailing towards sunrise possibility confident ship positive anticipation, Hopeful 
258,striding confidence footprint selfassuredness imprinted sand challenge conquered victory claimed, Confident 
259,lost symphony night moonlit serenade whisper tale wanderlust moonlit dream, Serenity 
260,unveiling layer curiosity labyrinth question leading treasure trove undiscovered knowledge, Curiosity 
261,embrace autumn breeze leaf ambivalence dancing waltz choice uncertainty, Ambivalence 
262,gratitude guiding star navigating constellation blessing vast universe life precious moment, Grateful 
263,zestful heart sprinting field enthusiasm chasing sunbeam laughter meadow joy, Zest 
264,compassionate rain tear empathy falling gently nurturing seed kindness garden human connection, Compassionate 
265,proudly scaling peak achievement mountaineer conquering challenge planting flag success, Proud 
266,embraced hopeful dawn gardener sowing seed optimism tending bloom brighter tomorrow, Hopeful 
267,playful escapade carnival life carousel laughter cotton candy dream swirling joyous atmosphere, Playful 
268,floating cloud inspiration artist painting sky stroke creativity creating masterpiece dream, Inspired 
269,navigating river contentment serene boat cruise tranquil water inner peace acceptance, Contentment 
270,empathy lantern wandering dark alley sorrow illuminating path compassion care, Empathetic 
271,free spirit soaring wing dream leaving trail independence azure sky boundless possibility, Free-spirited 
272,bathed golden hue gratefulness sunset appreciation casting warm glow landscape heart, Grateful 
273,confident stride dance life ballroom selfassuredness lead twirling challenge grace, Confident 
274,hopeful whisper wind carrying promise brighter tomorrow symphony optimism air possibility, Hopeful 
275,playfully juggling responsibility circus performer balancing act work joy tossing laughter air, Playful 
276,whispering tale inspiration star storyteller crafting constellation thread imagination, Inspired 
277,charting course wave hopeful anticipation sailor steering towards shore dream yet unexplored, Hopeful 
278,compassionate rain tear empathy falling gently nurturing seed kindness garden human connection, Compassionate 
279,proudly scaling peak achievement mountaineer conquering challenge planting flag success, Proud 
280,embraced hopeful dawn gardener sowing seed optimism tending bloom brighter tomorrow, Hopeful 
281,playful escapade carnival life carousel laughter cotton candy dream swirling joyous atmosphere, Playful 
282,floating cloud inspiration artist painting sky stroke creativity creating masterpiece dream, Inspired 
283,navigating river contentment serene boat cruise tranquil water inner peace acceptance, Contentment 
284,empathy lantern wandering dark alley sorrow illuminating path compassion care, Empathetic 
285,free spirit soaring wing dream leaving trail independence azure sky boundless possibility, Free-spirited 
286,bathed golden hue gratefulness sunset appreciation casting warm glow landscape heart, Grateful 
287,confident stride dance life ballroom selfassuredness lead twirling challenge grace, Confident 
288,hopeful whisper wind carrying promise brighter tomorrow symphony optimism air possibility, Hopeful 
289,playfully juggling responsibility circus performer balancing act work joy tossing laughter air, Playful 
290,whispering tale inspiration star storyteller crafting constellation thread imagination, Inspired 
291,charting course wave hopeful anticipation sailor steering towards shore dream yet unexplored, Hopeful 
292,compassionate rain tear empathy falling gently nurturing seed kindness garden human connection, Compassionate 
293,proudly scaling peak achievement mountaineer conquering challenge planting flag success, Proud 
294,embraced hopeful dawn gardener sowing seed optimism tending bloom brighter tomorrow, Hopeful 
295,playful escapade carnival life carousel laughter cotton candy dream swirling joyous atmosphere, Playful 
296,drowning abyss despair heart shattered fragment lost echoing silence hopelessness, Despair 
297,bitterness festering like venomous vine entwining soul web resentment poisoning garden peace, Bitterness 
298,wandering desert loneliness step heavy sigh mirage connection shimmering never materializing, Loneliness 
299,yearning touch thats echo distant warmth haunting heart cold embrace solitude, Yearning 
300,eye wide open night fearful shadow dancing wall mind prisoner imagined horror, Fearful 
301,apprehensive step tightrope uncertainty balancing act fall seems inevitable anxiety constant companion, Apprehensive 
302,overwhelmed weight world atlas trembling shoulder responsibility boulder landscape exhaustion, Overwhelmed 
303,jealousy greeneyed monster lurking shadow casting dark cloud sunshine others success, Jealous 
304,devastated storm betrayal wreckage trust scattered like debris heart torn wind broken promise, Devastated 
305,frustrated finger tapping keyboard symphony annoyance composing unsolvable puzzle unmet expectation, Frustrated 
306,envious eye fixated gilded prize heartache fueled painful desire possession seem forever reach, Envious 
307,dismissive glance fortress built indifference wall impenetrable plea understanding recognition, Dismissive 
308,shattered dream lie floor like fragment glass mosaic disappointment crafted hand frustration, Frustrated 
309,loneliness silent companion night echo chamber solitude heart solitary nocturne, Loneliness 
310,fearful whisper dark mind haunted specter unknown shadow dancing rhythm anxiety tune, Fearful 
311,bitterness bitter aftertaste lingering tongue word reminder wound refuse heal passing time, Bitterness 
312,overwhelmed cacophony expectation drowning soul tempest pressure struggling stay afloat, Overwhelmed 
313,jealousy venom seeps vein poisoning heart turning breeding ground discontent, Jealous 
314,devastated revelation betrayal trust shattered like fragile glass leaving shard pain wake, Devastated 
315,frustrated attempt mend broken connection thread understanding slipping finger like grain sand, Frustrated 
316,envious gaze cast upon podium success bitter pill swallowed taste lingering constant reminder unattained height, Envious 
317,dismissive gesture curtain drawn shield vulnerability stage emotion take backseat performance indifference, Dismissive 
318,despair like heavy fog enveloping every thought blurring path ahead journey labyrinth utter hopelessness, Despair 
319,bitterness bitter chill air freezing moment icicle resentment dangle precariously landscape memory, Bitterness 
320,loneliness solitary moon starless sky casting cold glow landscape isolation echo bounce empty space, Loneliness 
321,yearning warmth vanished sun heartache painted hue sunset never graced horizon, Yearning 
322,fearful eye scanning shadow prisoner night terrorized lurking monster born mind darkest corner, Fearful 
323,apprehensive whisper wind forecast uncertainty mind weather vane spinning wildly storm doubt, Apprehensive 
324,overwhelmed maze expectation minotaur pressure lurking labyrinth waiting devour spirit resilience, Overwhelmed 
325,jealousy festering wound pain intensifying glance garden others achievement blooming beyond fence, Jealous 
326,devastated heart ruin echo shattered dream reverberating chamber requiem whole, Devastated 
327,frustrated attempt untangle knot confusion thread understanding slipping labyrinth miscommunication, Frustrated 
328,envious eye locked treasure chest opportunity heartache fueled desire key seem forever elusive, Envious 
329,dismissive gesture curtain drawn shield vulnerability stage emotion take backseat performance indifference, Dismissive 
330,shattered dream lie floor like fragment glass mosaic disappointment crafted hand frustration, Frustrated 
331,loneliness silent companion night echo chamber solitude heart solitary nocturne, Loneliness 
332,awestruck breathtaking sunrise mountain, Awe           
333,navigating challenge determination, Determination 
334,nostalgia hit flipping old photo album, Nostalgia      
335,thrilled witness grandeur cultural festival, Thrill        
336,calmness found rhythm raindrop windowpane, Calmness      
337,overwhelmed support received personal challenge, Overwhelmed   
338,excitement build countdown longawaited vacation begin, Excitement 
339,reflecting life journey grateful lesson learned, Gratitude   
340,bittersweet emotion arise bidding farewell dear friend, Bittersweet 
341,curiosity sparked exploring mysterious ancient ruin, Curiosity     
342,admiration intricate detail handcrafted masterpiece, Admiration    
343,overjoyed warmth cozy fireplace winter evening, Overjoyed     
344,inspiration strike observing color vibrant sunset, Inspiration   
345,motivated achieve fitness goal invigorating workout, Motivation    
346,gratitude simple joy found cup morning coffee, Gratitude     
347,feeling empowered conquering challenging hiking trail, Empowerment   
348,amused antic playful kitten playtime, Amusement     
349,contemplating life mystery starry night sky, Contemplation 
350,joyful reunion longlost friend year separation, JoyfulReunion 
351,excitement build preparing surprise celebration, Excitement    
352,satisfaction derived successfully completing diy project, Satisfaction  
353,feeling blessed supportive community time need, Blessed       
354,captivated serenity tranquil garden full bloom, Serenity      
355,anticipation upcoming adventure exotic destination, Anticipation  
356,reflecting personal growth achieved life experience, Reflection    
357,nostalgic memory flood revisiting childhood favorite, Nostalgia     
358,appreciation vibrant culture experienced travel, Appreciation  
359,confidence soar overcoming public speaking anxiety, Confidence    
360,contentment midst family gathering filled laughter, Contentment   
361,enthusiasm learning new skill expanding knowledge, Enthusiasm    
362,surprise delight discovering hidden gem city, Surprise      
363,sense accomplishment completing challenging workout, Accomplishment 
364,wonderment beauty double rainbow rain, Wonderment    
365,optimism bright future amidst challenging time, Optimism      
366,pride achieving personal milestone career progression, Pride         
367,happiness bloom like flower garden sunny day, Happiness     
368,elation discovering rare book quaint bookstore, Elation       
369,curiosity piqued mystery ancient archaeological site, Curiosity   
370,mesmerized cosmic dance firefly moonlit night, Enchantment   
371,intrigued symphony color abstract art exhibition, Intrigue      
372,giggle joy echo air childrens playdate, PlayfulJoy    
373,enveloped serenity practicing mindfulness lake, Mindfulness   
374,chasing dream like kite soaring high vast open sky, DreamChaser   
375,spellbound elegance ballroom dance crystal chandelier, Elegance 
376,whimsical delight world fairy tale magical creature, Whimsy        
377,pensive contemplation amid ancient ruin forgotten civilization, Pensive 
378,embracing thrill speed rollercoasters exhilarating twist, Thrill      
379,harmony resonates musician play melody unity togetherness, Harmony    
380,burst creativity quiet solitude artist studio, Creativity   
381,radiant joy akin blooming flower sunkissed spring morning, Radiance    
382,sense wonder vastness cosmos stargazing night, Wonder     
383,rejuvenated salty breeze sound wave seaside, Rejuvenation 
384,whisper inspiration rustling leaf serene forest, Inspiration 
385,savoring warmth cup cocoa chilly winter evening, Coziness     
386,heartfelt gratitude laughter shared family reunion, Gratitude  
387,embarking culinary adventure savoring exotic flavor around world, Adventure 
388,euphoria flood final puzzle piece click place, Euphoria   
389,aweinspired grandeur ancient cathedral intricate architecture, Awe    
390,captivated ethereal beauty field filled firefly, Enchantment   
391,immersed enchanting melody street musician violin, Melodic       
392,joyful laughter resonates lively summer carnival, FestiveJoy    
393,exploring universe within mindful meditation session, InnerJourney  
394,soaring like free spirit wind coastal cliff, Freedom       
395,dazzled elegance masquerade ball dazzling costume, Dazzle        
396,whimsical delight world whimsical fairy tale, Whimsy        
397,reflective contemplation amid ruin forgotten era, Reflection    
398,riding adrenaline rush rollercoasters wild twist, Adrenaline     
399,harmony resonates musician play symphony unity, Harmony       
400,burst artistic creativity quietude artist studio, ArtisticBurst 
401,radiant joy akin blossoming flower sunlit spring morning, Radiance      
402,aweinspired vastness cosmos stargazing night, Wonder       
403,rejuvenated salty breeze sound wave seaside, Rejuvenation 
404,whisper inspiration rustling leaf serene forest, Inspiration  
405,savoring warmth cup cocoa chilly winter evening, Coziness     
406,heartfelt gratitude laughter shared family reunion, Gratitude  
407,embarking culinary odyssey savoring flavor around world, CulinaryOdyssey 
408,euphoria flood final puzzle piece fit perfectly, Euphoria     
409,awestruck grandeur ancient cathedral intricate architecture, Awe    
410,curiosity awakened mystery ancient archaeological site, Curiosity  
411,giddy excitement first snowflake dance sky, Excitement   
412,contentment envelops aroma freshly baked bread fill air, Contentment 
413,inspired resilience lone tree standing tall storm, Resilience   
414,lost page captivating novel transported another world, Immersion 
415,drenched nostalgia flipping old family photo album, Nostalgia 
416,spark inspiration ignites like shooting star night sky, Spark        
417,imbued gratitude simple pleasure warm cup tea, Gratitude    
418,marveling kaleidoscope color vibrant street market, Marvel       
419,awash serenity sun set tranquil lakeside retreat, Serenity   
420,drowning sorrow memory lost love resurface, Heartbreak    
421,numbness set weight loneliness grows heavier, Loneliness    
422,tear fall like raindrop mourning end cherished friendship, Grief      
423,despair cloud mind feeling adrift endless sea darkness, Despair   
424,shattered betrayal trust crumbles like fragile glass, Betrayal      
425,aching heart symphony pain play silence solitude, Suffering 
426,emotional storm whirlwind sadness engulfs every thought, EmotionalStorm 
427,haunted regret ghost past lingers relentlessly, Regret        
428,torn apart grief echo loss reverberate soul, Grief      
429,isolation deepens emotional winter warmth distant memory, Isolation 
430,soulcrushing disappointment hope shattered like fragile glass, Disappointment 
431,painful echo love cherished lost abyss time, LostLove 
432,heartache deepens solitary journey abyss despair, Despair   
433,melancholy lingers bittersweet serenade quietude solitude, Melancholy 
434,bitterness like poison seeping every crevice wounded heart, Bitterness 
435,emotional exhaustion weight world crushing weary shoulder, Exhaustion 
436,sorrowful echo symphony pain played string loss, Sorrow      
437,darkness descends engulfing soul shadow despair, Darkness     
438,desperation whisper silent plea glimmer hope abyss, Desperation 
439,heart ruin remnant shattered dream scattered wind, Ruins      
440,shattered echo shattered dream fragment hope scattered, Desolation 
441,avoiding thorn regret walking barefoot path remorse, Regret 
442,labyrinth grief wall echo footstep lost joy, Grief 
443,soul adrift sea solitude wave loneliness crashing relentlessly, Loneliness 
444,bitterness betrayal taste lingers staining palate trust, Bitterness 
445,ruin hope echo shattered dream whisper tale loss, Desolation 
446,sinking like stone ocean heartbreak ripple sigh despair, Heartbreak 
447,tear ink staining page journal testament silent grief, Grief 
448,wasteland lost trust echo broken promise reverberate, Betrayal 
449,avoiding shard shattered dream walking tightrope resilience, Resilience 
450,suffocating silence solitude echo laughter thrived, Isolation 
451,haunted specter lost possibility ghost refuse fade away, Regret 
452,labyrinth despair echo broken heart reverberate endlessly, Despair 
453,sinking like autumn leaf river sorrow carried away current, Sorrow 
454,garden broken dream petal fall silent testimony shattered hope, Desolation 
455,tear currency grief spent marketplace lost love longing, Grief 
456,wandering maze betrayal wall closing every wrong turn, Betrayal 
457,soul weathered storm heartbreak seeking refuge calm, Heartbreak 
458,tapestry despair thread hope unravel leaving portrait sorrow, Despair 
459,like withered rose garden love petal fall silent surrender time, Loss 
460,void heartache echo love song play note pang longing, Heartache 
461,nostalgia bittersweet dance moonlit ballroom cherished memory, Nostalgia 
462,symphony grief tear note composing melancholic melody, Grief 
463,betrayal venomous serpent slithering garden trust poisoning root, Betrayal 
464,sinking quicksand despair harder fight deeper descend, Despair 
465,wandering cemetery lost dream tombstone marking untold sorrow, Desolation 
466,swept away river regret current past refusing release, Regret 
467,whisper lost love linger attic heart forgotten erased, Loss 
468,gallery broken promise shattered vow framed painful exhibition, Betrayal 
469,echo solitude silent conversation soul shadow, Solitude 
470,dancing sunshine step celebration joy found simple moment, Joy 
471,laughter echo air chorus happiness lift spirit higher, Happiness 
472,garden contentment bloom whisper tale inner peace joy, Contentment 
473,chasing dream vibrant sky journey fueled hope enthusiasm, Enthusiasm 
474,serenading star heart full gratitude melody thankfulness, Gratitude 
475,basking glow accomplishment milestone stepping stone happiness, Accomplishment 
476,dance positivity every step rhythm uplifting soul harmony, Positivity 
477,overflowing joy cup laughter shared friend moment cherished, Joy 
478,draped warmth kindness quilt compassion stitched love, Kindness 
479,garden friendship bloom testament beauty camaraderie, Friendship 
480,embrace love heartbeat melody dancing rhythm affection, Love 
481,surrounded color joy canvas painted laughter endless smile, Joy 
482,symphony excitement note burst energy igniting soul fervor, Excitement 
483,surprise gift wrapped anticipation unfolds moment delight wonder, Surprise 
484,lost maze curiosity twist turn unveils treasure discovery, Curiosity 
485,floating cloud gratitude raindrop blessing shower thankfulness, Gratitude 
486,like comet inspiration streaking sky creativity leaving trail brilliance, Inspiration 
487,celebration success firework accomplishment light night sky triumph, Success 
488,symphony laughter note key unlocking door boundless happiness, Happiness 
489,carnival emotion rollercoaster thrill sends heart wild ride, Thrill 
490,standing grandeur eiffel tower moment reflect beauty parisian dream, Reflection 
491,lost enchantment disneyland ride journey realm childhood fantasy, Enchantment 
492,exploring wonder ferrari world roar engine creating symphony speed, Excitement 
493,amidst tulip field keukenhof tapestry color paint soul springtime joy, Joy 
494,wandering historical street kyoto step journey heart japan tradition, Exploration 
495,embrace grand canyon nature masterpiece moment marvel earth grandeur, Awe 
496,journeying serenity santorini sunset paint sky hue tranquility, Serenity 
497,amazed architectural marvel petra stone telling tale ancient civilization, Amazement 
498,embarking gondola ride venice canal reflecting romance timeless city, Romance 
499,summit machu picchu breathtaking panorama whisper secret ancient civilization, Awe 
500,heart new york city time square dazzle light vibrant spectacle urban energy, Excitement 
501,captivated historical charm colosseum stone echoing tale gladiator valor, Captivation 
502,sailing azure water maldives wave whisper serenity paradise, Serenity 
503,midst amazon rainforest symphony wildlife creates orchestra nature wonder, Wonder 
504,walking great wall china step testament ancient engineering marvel, Awe 
505,summit mount fuji breathtaking sunrise paint sky hue accomplishment, Accomplishment 
506,exploring ancient ruin angkor wat stone whispering story khmer civilization, Exploration 
507,skiing slope swiss alp turn dance majesty snowcapped peak, Adventure 
508,tranquility kyoto bamboo forest whisper ancient zen wisdom echo grove, Tranquility 
509,cruising fjord norway icy landscape breathtaking masterpiece nature grandeur, Grandeur 
510,front row adeles concert note someone like resonates soulstirring emotion, Emotion 
511,dancing star beyoncs live show feeling power single lady every move, Energy 
512,crowd taylor swift concert lyric love story create enchanting fairy tale, Enchantment 
513,rocking guitar solo queen tribute concert journey back time freddies spirit, Nostalgia 
514,swaying ed sheerans acoustic melody serene evening filled perfect moment, Serenity 
515,immersed pulsating beat bruno mar concert uptown funk becomes city joy, Joy 
516,michael jackson tribute show moonwalking hit celebration king pop, Celebration 
517,swinging rhythm frank sinatra tribute feeling timeless charm fly moon, Charm 
518,mosh pit metallica concert thunderous chord create symphony headbanging ecstasy, Ecstasy 
519,experiencing magic coldplay concert fix becomes beacon hope night, Hope 
520,justin bieber concert infectious beat baby create dance floor unbridled enthusiasm, Enthusiasm 
521,spotlight lady gaga show costume change metamorphosis creativity artistry, Creativity 
522,immersed soulful melody adele tear flow freely moved emotion hello, Emotion 
523,drenched confetti katy perry concert kaleidoscope color igniting night sky, Colorful 
524,audience jayz performance lyric empire state mind become anthem pride, Pride 
525,dancing shakiras rhythmic beat hip swaying hypnotic charm hip dont lie, Hypnotic 
526,u2 concert anthemic chord without create timeless moment connection, Connection 
527,rocking gun n rose show iconic riff sweet child mine echoing night, Iconic 
528,crowd ariana grande concert high note create euphoric symphony, Euphoria 
529,swaying reggae vibe bob marley tribute concert chord journey jamaica soul, Journey 
530,captivated spellbinding plot twist audience applauds experiencing rollercoaster emotion movie premiere, Excitement 
531,credit roll profound sense nostalgia wash reminiscent cherished moment classic film, Nostalgia 
532,streaming latest web series viewer engrossed character journey feeling sense connection empathy, Engagement 
533,film festival indie filmmaker creation receives standing ovation evoking pride sense accomplishment, Pride 
534,watching heartwarming family drama tear flow freely character overcome challenge leaving viewer warm glow, Touched 
535,oscar actor graciously accepts award radiating joy gratitude recognition outstanding performance, Gratitude 
536,discovering hidden gem world documentary viewer enlightened inspired feeling renewed sense curiosity, Inspiration 
537,movie credit roll viewer experience mix awe contemplation pondering deeper meaning woven storyline, Contemplation 
538,bingewatching thrilling crime series suspense keep viewer edge seat creating rush adrenaline, Suspense 
539,closing scene unfolds sense satisfaction wash completing cinematic journey profound fulfilling ending, Satisfaction 
540,celebrating historic victory world cup nation erupts joy united triumph football team, Joy 
541,olympics athlete perseverance shine earning gold medal inspiring generation remarkable achievement, Inspiration 
542,cricket championship nailbiting finish leaf fan edge seat experiencing rollercoaster emotion, Excitement 
543,witnessing recordbreaking marathon spectator filled awe admiration endurance dedication runner, Admiration 
544,tennis grand slam fierce rivalry unfolds captivating fan display skill sportsmanship world stage, Captivation 
545,cheering underdog basketball final crowd erupts applause team defies odds claim championship title, Triumph 
546,golf tournament golfer precision focus lead stunning victory leaving spectator awe exceptional skill, Awe 
547,experiencing thrill highspeed formula 1 race fan edge seat driver compete championship, Thrill 
548,cycling world championship climber conquers challenging terrain symbolizing determination achievement odds, Determination 
549,witnessing heartwarming comeback hockey final fan share tear joy team secures historic victory adversity, Heartwarming 
550,series defeat soccer team face disappointment struggling find silver lining challenging season, Disappointment 
551,tennis tournament highly anticipated player experience setback leaving fan shock questioning unforeseen turn event, Frustration 
552,facing defeat championship boxer reflects challenge vowing return stronger determined next bout, Reflection 
553,midst cycling race tire blowout lead frustration cyclist valiantly try overcome unexpected obstacle, Obstacle 
554,gymnast unexpected fall routine spark wave sympathy audience highlighting vulnerability sport, Sympathy 
555,golf tournament missed crucial putt result defeat causing golfer reflect pressure highstakes competition, Pressure 
556,experiencing series loss basketball season team grapple frustration determined turn tide renewed effort, Renewed Effort 
557,despite meticulous training swimmer face disappointment splitsecond miscalculation cost lead crucial race, Miscalculation 
558,weightlifter failed attempt personal record result frustration highlighting challenging nature pushing physical limit, Challenge 
559,midst soccer match unexpected goal creates moment despair player teammate console encourage, Despair 
560,serene beauty sunset nature unfolds canvas color evoking sense tranquility wonder, Tranquility 
561,embarking spontaneous road trip traveler discovers hidden gem creating memory cherished lifetime, Adventure 
562,amidst bustling city quiet caf becomes sanctuary reflection cup coffee brings solace wandering mind, Solace 
563,exploring vibrant street art cultural neighborhood mural tell story infusing city creativity expression, Creativity 
564,world science breakthrough discovery unfolds pushing boundary knowledge opening new frontier exploration, Breakthrough 
565,connecting melody live orchestra music enthusiast experience symphony resonates deep within soul, Harmony 
566,embracing aroma freshly baked bread home chef find joy art baking creating delicious memory loved one, Joy in Baking 
567,wandering historical museum history enthusiast becomes immersed tale past envisioning bygone era, Envisioning History 
568,realm literature captivating novel transport reader distant land weaving tapestry imagination escape, Imagination 
569,capturing essence bustling market photographer freeze moment time frame telling unique vibrant story, Vibrancy 
570,underneath city light dancer express emotion graceful movement creating mesmerizing performance night sky, Mesmerizing 
571,heart bustling market street food connoisseur indulges culinary adventure savoring diverse flavor aroma, Culinary Adventure 
572,first snowflake descends winter enthusiast eagerly prepares season frosty delight anticipating magic snowcovered landscape, Winter Magic 
573,amidst page captivating mystery novel reader unravels clue secret experiencing thrilling journey suspense revelation, Thrilling Journey 
574,surrounded vibrant color flower garden gardener nurture blossom finding joy beauty nature everchanging canvas, Nature's Beauty 
575,astronomy observatory stargazer marvel vastness cosmos contemplating mystery hidden within celestial expanse, Celestial Wonder 
576,engulfed aroma freshly brewed coffee writer find inspiration every sip embarking journey creativity prose, Creative Inspiration 
577,realm fashion designer unveils collection tell story blending innovation tradition runway creativity, Runway Creativity 
578,wave crash shore surfer embrace thrill riding ocean energy capturing essence freedom wave, Ocean's Freedom 
579,exploring historical architecture ancient city traveler transported bygone era monument whisper tale past, Whispers of the Past 
580,successfully avoided eye contact crush hallway mission accomplished teencrush stealthmode, Excitement 
581,ran snack movie marathon crisis level emergency movienightstruggles teenproblems, Boredom 
582,spent hour choosing perfect filter selfie struggle instagram aesthetic real selfiequeen teenvibes, Joy 
583,lost headphone vanish thin air headphonemystery teenlife, Frustration 
584,decided study exam ended making meme studying instead procrastination level expert procrastinationnation teenconfessions, Surprise 
585,got dressed day remembered saturday oops weekendvibes teenstruggles, Indifference 
586,survived group project without drama miracle happen groupprojectsuccess teenachievements, Satisfaction 
587,entered kitchen intention cook left bag chip cooking overrated anyway masterchefintraining teenhumor, Disgust 
588,staring clock class waiting bell ring like exciting event day classcountdown teenlife, Surprise 
589,discovered new book series spent whole night reading need sleep anyway bookwormlife latenightreading, Joy 
590,bought new video game played hour forgot eat ultimate gaming session gamerlife nofoodgaming, Excitement 
591,spent day bingewatching new series productivity level zero lazyday tvseriesmarathon, Joy 
592,caught latest fashion trend planning shopping spree fashionista trendyteen, Excitement 
593,decided learn new instrument day one still trying figure hold musicnovice learningjourney, Frustration 
594,spent hour creating perfect playlist every mood music therapy playlistmaker teenmusiclover, Joy 
595,successfully cooked gourmet meal family chef skill unlocked chefmode teenchef, Pride 
596,spontaneously booked weekend getaway adventure awaits travelbug weekendescape, Excitement 
597,attended concert danced night away music heartbeat life concertvibes danceallnight, Joy 
598,rediscovered childhood cartoon nostalgiafilled marathon cartoonnostalgia teenmemories, Joy 
599,embarked diy home decor project let hope turn better last time diyadventure teenhomedecor, Excitement 
600,spent afternoon museum pretending cultured art enthusiast making museumday teenartlover, Curiosity 
601,started blog random thought musing blogging new diary bloggerlife teenblogger, Curiosity 
602,relishing peaceful afternoon classic novel quiet moment best moment booklover peacefulafternoon, Contentment 
603,reflecting lifetime memory wrinkle tell story embracing beauty aging lifereflections beautyinaging, Gratitude 
604,exploring world digital art never late discover new passion digitalartistry latebloomer, Curiosity 
605,savoring flavor homecooked meal simple joy heart happiness homecooking simplejoys, Contentment 
606,embarking journey learning new language mind stay young every new word languagelearning nevertoolate, Curiosity 
607,attended classical music concert feeling timeless melody resonate music transcends generation classicalmusic timelessmelodies, Joy 
608,capturing beauty nature photography every snapshot treasure naturephotography seniorphotographer, Joy 
609,reconnecting old friend cup tea friendship true essence companionship oldfriends companionship, Contentment 
610,embarked road trip revisit cherished place past nostalgia ultimate travel companion roadtrip nostalgiatour, Joy 
611,joined community choir harmonizing fellow voice music creates bond withstand time communitychoir harmonyinaging, Joy 
612,exploring art meditation finding tranquility stillness mind meditationjourney tranquilmind, Contentment 
613,taking stroll garden appreciating beauty blooming flower nature wonder never cease gardenwalk floralbeauty, Contentment 
614,sipping favorite vintage wine sip telling story year gone cheer life welllived winelover vintagecheers, Contentment 
615,participated community art class unleashing creativity golden year art age limit artclass seniorartistry, Joy 
616,embarking journey writing memoir documenting lifetime experience every story matter memoirwriting seniorstories, Gratitude 
617,attended lecture history always fascinated lesson past learning lifelong adventure historylecture seniorlearning, Curiosity 
618,rediscovered joy cooking traditional family recipe kitchen place cherished memory familyrecipes seniorcooking, Contentment 
619,joined nature photography club capturing beauty great outdoors every click connection nature naturephotography seniorphotographer, Joy 
620,attended jazz concert swayed rhythm timeless tune music constant companion golden year jazzconcert seniormusic, Joy 
621,joined writing group penning thought reflection writing journey depth soul writinggroup seniorwriter, Gratitude 
622,embarked solo travel adventure discovering beauty new place pace solotravel seniorexplorer, Excitement 
623,attended vintage car show reminiscing classic ruled road nostalgia every rev vintagecars classicrides, Joy 
624,started community garden growing plant friendship green thumb unite communitygarden seniorgardener, Joy 
625,hosted family dinner laughter echoed louder clinking utensil family heart happiness familydinner seniorhost, Contentment 
626,enrolled dance class senior moving rhythm life age number dance floor danceclass seniordancer, Joy 
627,visited art gallery appreciating brushstrokes tell tale creativity art eternal companion artgallery seniorartlover, Joy 
628,started book club senior discussion lively character novel bookclub seniorreaders, Joy 
629,hosted picnic park basking warmth friendship sunshine simple joy timeless memory parkpicnic seniorjoy, Contentment 
630,participated local theater production proving stage belongs every age theaterproduction senioractor, Joy 
631,embarked hiking adventure conquering trail relishing beauty nature age number mountaintop hikingadventure seniorhiker, Excitement 
632,hosted photography exhibition featuring snapshot life welllived every photo story tell photographyexhibition seniorphotographer, Gratitude 
633,joined senior cycling club feeling wind hair freedom open road cyclingclub seniorcyclist, Excitement 
634,attended wine tasting event savoring richness flavor age like fine wine cheer golden year winetasting seniorwinelover, Joy 
635,started learning ballroom dancing gliding gracefully across dance floor ageless elegance every step ballroomdancing seniordancer, Joy 
636,organized community painting event turning blank canvas masterpiece shared creativity paintingevent seniorartist, Joy 
637,hosted memory lane evening old friend reminiscing adventure shaped life memorylane seniorreminiscing, Gratitude 
638,joined senior astronomy club stargazing finding wonder vastness cosmos astronomyclub seniorstargazer, Curiosity 
639,attended local jazz festival tapping toe tune stood test time music lifelong love affair jazzfestival seniormusiclover, Joy 
640,started blog sharing wisdom gained year proving every day chance learn grow seniorwisdom blog, Gratitude 
641,participated charity run proving age barrier supporting meaningful cause charityrun seniorrunner, Excitement 
642,survived challenging physic exam equation wont defeat, Relief 
643,exploring world coding debugging adventure codingjourney highschoolcoder, Excitement 
644,joined school debate team word weapon im ready battle, Excitement 
645,started photography club school capturing moment one snapshot time, Joy 
646,daydreaming upcoming prom dress dance fairytale making, Excitement 
647,convinced teacher class outdoors learning equation side fresh air, Positive 
648,accidentally spilled paint art class abstract art right artclassadventures highschoolartist, Embarrassed 
649,trying master perfect kickflip skateboard skating weekend like pro, Excitement 
650,bonding friend latest kpop sensation fangirling finest, Joy 
651,spent hour perfecting chemistry experiment mixing potion like wizard, Joy 
652,successfully organized surprise birthday party friend party planning expert mode achieved, Joy 
653,joined drama club unleash inner actor light camera action, Excitement 
654,got hand latest fantasy novel diving realm magic adventure, Excitement 
655,mastering art perfect doodle boring class doodle, Joy 
656,attempting break school record longest handstand wish luck, Excitement 
657,sneaking snack class like pro art snacksmuggling sacred skill, Mischievous 
658,hosting sleepover friend weekend preparing night laughter memory, Excitement 
659,spent hour tiktok dance realize two left foot dance fail unleashed, Embarrassed 
660,accidentally liked crush old photo stalking profile awkward level maximum, Embarrassed 
661,tried impress crush smooth conversation ended spilling drink smooth level nonexistent, Embarrassed 
662,mastered art creating paper airplane lecture paper plane soaring new height, Joy 
663,trying set new trend juggling textbook class academic juggling unique skill, Excitement 
664,hiding snack stash backpack emergency craving snack ninja mode activated, Mischievous 
665,planning surprise scavenger hunt friend anticipating thrill excitement, Excitement 
666,danced rain celebrate end exam rain dance unexpectedly refreshing, Joy 
667,accidentally sent text meant friend class group chat texting fail oops moment, Embarrassed 
668,tried magic trick impress classmate magic fail rabbit go, Embarrassed 
669,perfecting art creating origami dull lecture origami mastery, Joy 
670,attempting set new record consecutive hacky sack kick hacky sack skill unleashed, Excitement 
671,creating secret handshake friend friendship level expert, Joy 
672,embarking mission find best burger joint town burger connoisseur reporting duty, Excitement 
673,practicing standup comedy routine upcoming talent show comedy gig making, Joy 
674,accidentally sent love letter wrong person love note fail maximum embarrassment, Embarrassed 
675,attempting impress teacher elaborate science experiment science geek mode activated, Excitement 
676,crafting intricate friendship bracelet whole squad friendship level expert weaver, Joy 
677,attempting beat record consecutive cartwheel cartwheel challenge underway, Excitement 
678,organizing movie marathon friend popcorn cinematic adventure await, Joy 
679,experimenting new hair color bold change bold semester, Excitement 
680,building time capsule capture memory future timetraveling emotion, Joy 
681,accidentally walked wrong classroom first day classroom mixup awkward start, Embarrassed 
682,trying new smoothie recipe healthy start week smoothie enthusiast level, Excitement 
683,reflecting challenge school year feeling bit overwhelmed assignment, Sad 
684,encountered meanspirited comment online dealing online hate never easy, Hate 
685,bad day school everything seems going wrong, Bad 
686,feeling making sport team disappointment lingers, Sad 
687,witnessed heated argument cafeteria unpleasant atmosphere lunch, Hate 
688,received notsogreat grade major project academic frustration setting, Bad 
689,dealing personal setback sometimes life throw unexpected challenge, Sad 
690,feeling lonely saturday night sometimes solitude hit harder expected, Sad 
691,experiencing cyberbullying hateful message online disheartening, Hate 
692,caught torrential rainstorm without umbrella today weather bad luck, Bad 
693,missing important event due unforeseen circumstance day filled sadness, Sad 
694,dealing unfounded rumor circulating personal life rumor hurtful, Hate 
695,got flat tire way important meeting talk series bad event, Bad 
696,feeling sense emptiness close friend move away farewell always sad, Sad 
697,facing rejection dream college disheartened determined explore path, Sad 
698,encountering online toxicity gaming session hateful comment ruin fun, Hate 
699,bad hair day feeling selfconscious bad hair day affect confidence, Bad 
700,feeling sense despair major project failure hard work didnt pay time, Sad 
701,experiencing hate comment expressing personal opinion online negativity prevails, Hate 
702,string bad luck constant technology malfunction tech trouble galore, Bad 
703,missing longanticipated event due unexpected circumstance day filled sadness, Sad 
704,trying new study technique upcoming exam exploring different learning strategy, Neutral 
705,organizing community cleanup event cleaner neighborhood promoting environmental awareness, Neutral 
706,sharing favorite book recommendation classmate building mini book club, Neutral 
707,experimenting new recipe school bake sale baking adventure kitchen, Neutral 
708,collaborating school project peer teamwork make dream work, Neutral 
709,attending school club meeting explore new interest dabbling extracurricular activity, Neutral 
710,exploring new parttime job opportunity gaining work experience career development progress, Neutral 
711,attending school assembly stay informed upcoming event announcement staying connected school activity, Neutral 
712,exploring new hobby photography free time capturing moment lens, Neutral 
713,participating science fair showcase unique experiment sharing knowledge peer, Neutral 
714,attending workshop time management enhance organizational skill striving efficiency, Neutral 
715,volunteering local charity event give back community contributing social cause, Neutral 
716,collaborating group project promote teamwork shared responsibility group effort action, Neutral 
717,participating debate club enhance critical thinking communication skill intellectual engagement progress, Neutral 
718,celebrating friend birthday surprise party joyful moment laughter around, Happy 
719,successfully completing challenging coding project excitement overcoming coding hurdle, Happy 
720,attending school talent show support classmate applauding diverse talent display, Happy 
721,exploring new hiking trail friend weekend nature laughter good vibe, Happy 
722,winning friendly sport competition rival school victory celebration full swing, Happy 
723,receiving heartfelt letter pen pal another country connecting across globe, Happy 
724,creating beautiful mural fellow art enthusiast power collaboration creativity, Happy 
725,participating schoolwide art exhibition witnessing creativity spreading positive vibe, Happy 
726,achieving personal best track field competition thrill victory selfimprovement, Happy 
727,collaborating science project received recognition regional fair science triumph smile, Happy 
728,attending surprise birthday party organized friend surrounded love laughter good company, Happy 
729,successfully fundraising school charity initiative joy giving back community, Happy 
730,participating multicultural festival celebrating diversity music dance delicious food, Happy 
731,organizing virtual talent show challenging time bringing smile classmate face, Happy 
